DATETIME,TEAM,BOAT,ANGLE_CA1_deg,ANGLE_CA2_deg,ANGLE_CA3_deg,ANGLE_CA4_deg,ANGLE_CA5_deg,ANGLE_CA6_deg,ANGLE_DB_CANT_P_deg,ANGLE_DB_CANT_S_deg,ANGLE_DB_RAKE_P_deg,ANGLE_DB_RAKE_S_deg,ANGLE_RUDDER_deg,ANGLE_RUD_RAKE_P_deg,ANGLE_RUD_RAKE_S_deg,ANGLE_WING_ROT_deg,ANGLE_WING_TWIST_deg,AWA_SGP_deg,AWS_SGP_km_h_1,BOAT_SPEED_km_h_1,BROADCAST_MODE_unk,CURRENT_DIRECTION_deg,CURRENT_MAGNITUDE_km_h_1,DISTANCE_RACE_LEG_m,DISTANCE_RACE_m,GPS_COG_deg,GPS_SOG_km_h_1,HEADING_deg,HEEL_deg,LATITUDE_GPS_unk,LEEWAY_deg,LENGTH_DB_H_P_mm,LENGTH_DB_H_S_mm,LENGTH_RH_BOW_mm,LENGTH_RH_P_mm,LENGTH_RH_S_mm,LONGITUDE_GPS_unk,PC_BEACON_NUMBER_unk,PC_DTB_m,PC_DTL_m,PC_DTO_m,PC_TTS_s,PER_JIB_LEAD_pct,PER_JIB_SHEET_pct,PITCH_deg,RATE_PITCH_deg_s_1,RATE_ROLL_deg_s_1,RATE_YAW_deg_s_1,TIME_RACE_LEG_s,TIME_RACE_s,TRK_BOAT_RACE_STATUS_unk,TRK_LEG_NUM_TOT_unk,TRK_LEG_NUM_unk,TRK_PENALTY_COUNT_unk,TRK_PENALTY_DISTANCE_m,TRK_RACE_NUM_unk,TRK_RACE_RANK_unk,TWA_SGP_deg,TWD_SGP_deg,TWS_SGP_km_h_1,VMG_km_h_1
2026-05-10 18:03:00+00:00,SUI,SUI,-17.330000265961864,-9.34999997559623,0.0,-1.059999981116682,7.690000020471729,16.159999789441336,6.193692165552315,-0.4495458689756085,4.053635139377798,2.9994170414595778,-4.8359395644564,6.740963762186574,5.448808340568142,5.97640083885444,33.4999994523481,27.128276826598203,48.731930351257304,34.38448722839356,1.0,110.999999673762,0.0,8640.8359375,8640.8359375,147.423718290904,34.7503841400146,153.36780516328582,1.264800044417022,32.2669745,6.275655844318984,1896.78153991699,7.506808545440434,1230.83143234253,1033.248496055604,927.7801156044006,-64.8445216,99.0,0.0,86.1025390625,128.874267578125,-899.341003417969,91.7604029178619,42.9260104894638,0.6054000122791009,-0.742740917165103,-0.826557850369179,2.0129999048988942,0.0,0.0,0.0,6.0,0.0,0.0,0.0,26051008.0,0.0,63.86531500398902,217.90876384601,20.438413810729948,19.20322780609134
2026-05-10 18:03:01+00:00,SUI,SUI,-17.33000026596186,-8.880000144655678,0.0,-0.05000001028485297,9.519999968943281,18.98000014112256,6.200996412539405,-0.449545842295182,4.025503596554586,2.9986927852754617,-4.045798201668465,6.741506420716132,6.13918021234303,4.827032485514517,36.309999382556036,26.2417105883677,49.71911544799805,35.161897659301744,1.0,110.999999673762,0.0,8640.8359375,8640.8359375,150.448727112033,35.343635559082,155.2776052854158,0.49260001443355134,32.2669003,6.352473103612094,1896.78153991699,7.526433933526276,1156.6162109375,1020.15917301178,939.0242457389835,-64.8444667,99.0,0.0,86.1025390625,128.874267578125,-900.43896484375,91.7158722877502,41.6632503271103,-0.03600000078834786,-0.177439069869168,0.0357151658917025,1.7479999202918919,0.0,0.0,0.0,6.0,0.0,0.0,0.0,26051008.0,0.0,62.411546122173355,217.8919684108415,20.5769462585449,19.808031349182137
2026-05-10 18:03:02+00:00,SUI,SUI,-17.34000034592568,-8.670000002208111,0.0,0.2500000087355789,9.890000195528776,19.370000186126262,6.2008514844629605,-0.449986469537927,4.039930322119484,2.999054827990156,-0.6588001334214679,6.740963932941304,6.126405709538355,5.874929840997441,36.71999924597792,24.901400369421303,50.3967779159546,35.72631134033204,1.0,110.999999673762,0.0,8640.8359375,8640.8359375,149.821551821685,36.1018226623535,155.4478026712298,0.11600000383719718,32.266823,4.900440455883418,1896.8012094497658,7.4871831573545915,1063.600909709929,979.0408253669733,924.1675615310671,-64.8444146,99.0,0.0,86.1025390625,128.874267578125,-901.43896484375,91.7681455612183,36.3604426383972,-0.6604000091850077,-1.45397032970753,-0.699945353064183,-1.72679999761591,0.0,0.0,0.0,6.0,0.0,0.0,0.0,26051008.0,0.0,61.34134973584288,217.87388206991898,20.769564056396497,20.01773220062256
2026-05-10 18:03:03+00:00,SUI,SUI,-17.37000058581714,-9.029999807320348,0.0,-0.2800000191753576,9.14999991311248,18.56000019773688,6.20012001389153,-0.449399019908453,7.025133867982315,2.9990549987448842,-1.418996826310155,6.740964189073398,6.118795000500936,6.3601594569945705,35.92999975902564,24.62284476450065,51.405659294128455,36.630203933715805,1.0,110.999999673762,0.0,8640.8359375,8640.8359375,148.237931481483,36.7970443725586,153.31639842751662,-0.4585999890837186,32.2667446,4.770194468694706,1896.840524673462,7.447932567447421,847.5170016288757,798.8337159156798,761.6564869880672,-64.8443605,99.0,0.0,86.1025390625,128.874267578125,-902.43896484375,91.8068647384644,36.3389730453491,-1.4768000022205419,1.52408809123153,-0.0179910834621506,-1.854399924163434,0.0,0.0,0.0,6.0,0.0,0.0,0.0,26051008.0,0.0,60.98362677429047,217.7847071201155,20.996236038208,19.36709747314452
2026-05-10 18:03:04+00:00,SUI,SUI,-17.3500004258895,-8.120000043821207,0.0,1.409999983741538,11.810000009901,22.10000050115204,6.19792944415866,-0.45013331860508254,5.394578602237628,2.9983307425607677,-1.1752281218843401,6.741777408471452,6.11797990280086,7.533559660174456,39.45000058553208,24.7061397752026,51.42755298614505,36.923551940917946,1.0,110.999999673762,0.0,8640.8359375,8640.8359375,145.086714424871,37.0687362670898,150.941995177664,-0.6431999813571586,32.2666666,4.550382076485496,1896.8405008316017,7.487183250486849,1005.1821112632754,910.2985382080075,912.4868988990781,-64.8443025,99.0,0.0,86.1025390625,128.874267578125,-903.43896484375,91.8010592460632,36.3331198692322,-0.4592000105301336,-0.688038038824177,-0.0246955344524329,-2.8553998988002403,0.0,0.0,0.0,6.0,0.0,0.0,0.0,26051008.0,0.0,61.799446425362156,217.645610317668,20.9885138511658,17.082196655273417
2026-05-10 18:03:05+00:00,SUI,SUI,-17.3500004258895,-8.120000043821213,0.0,1.2299999958080519,11.45000003403404,21.51000056441932,6.204065301910855,-0.45042704341981954,4.2848197965550785,2.997968529091346,-3.1873578286664603,6.739879640410564,6.11825165895246,6.998358245775397,38.870000045744256,25.0078224006529,52.70161342620845,37.76977043151854,1.0,110.999999673762,0.0,8640.8359375,8640.8359375,144.103112542876,38.3979789733887,149.13760126688118,-0.06120000174039751,32.26659,5.313141744499378,1896.653771400448,7.467557862401009,1091.062855720518,996.4641332626337,978.0779838562021,-64.8442392,99.0,0.0,86.1025390625,128.874267578125,-904.43896484375,78.363311290741,36.3311678171158,-1.1789999551152612,-1.38208440296214,0.722098698111149,-0.3778000198051465,0.0,0.0,0.0,6.0,0.0,0.0,0.0,26051008.0,0.0,62.0469437940889,217.4575410588715,21.2068319320679,16.327333602905277
2026-05-10 18:03:06+00:00,SUI,SUI,-17.36000050585332,-8.939999941419654,0.0,-0.23999999280478682,9.190000062213022,18.440000262699478,6.211369548897955,-0.45013331860508254,5.46346498737598,2.997968529091346,-2.131383849195195,6.741235176828718,6.11743639049766,6.531057790972187,35.8300003254253,23.98303106286795,54.2909231185913,39.313123626709,1.0,110.999999673762,0.0,8640.8359375,8640.8359375,144.357974221565,39.84938621521,149.2195963218296,0.4207999933252342,32.2665116,4.780195573186894,1896.771693229672,7.457745261490347,827.8652906417844,864.6099328994749,812.5117301940916,-64.8441725,99.0,0.0,86.1025390625,128.874267578125,-905.43896484375,78.3613741397858,36.3487333059311,-2.2785999429688184,0.551319369507648,-0.0789658713873537,-0.44699997999550894,0.0,0.0,0.0,6.0,0.0,0.0,0.0,26051008.0,0.0,61.52179377144978,217.251617685585,21.42261543273925,18.716562995910657
2026-05-10 18:03:07+00:00,SUI,SUI,-17.28999994610658,-8.65000001303521,0.0,0.43999998591942724,10.240000091431932,20.170000094551778,6.214146447682385,-0.4498395937903455,6.070820776299145,2.9983307425607677,-3.21782975715312,6.714667363127293,5.681469001625059,6.909094076625678,37.46999977911276,24.0705718899127,55.23717727661135,40.37155540466308,1.0,110.999999673762,0.0,8640.8359375,8640.8359375,141.504881261846,40.7979869842529,147.8230002214802,0.344200003416838,32.2664307,5.165474164549442,1896.7226028442378,7.526433933526276,873.5671520233152,881.5950870513916,827.8466463088987,-64.844103,99.0,0.0,86.1025390625,128.874267578125,-906.43896484375,78.3691167831421,36.3311678171158,-1.4963999877680059,1.39199980992459,0.899481378899025,-1.6299999713651676,0.0,0.0,0.0,6.0,0.0,0.0,0.0,26051008.0,0.0,61.664503743968055,217.024766612681,21.2936728477478,19.24431289672852
2026-05-10 18:03:08+00:00,SUI,SUI,-17.03999999606794,-7.85999992844139,0.0,1.579999998432914,11.8599998974559,22.050000101332937,6.233870539901504,-0.449398993228027,2.585739249235718,2.997606315621924,-3.8761052466689696,6.623035850411246,4.185209854492173,6.619940237924668,39.09999915283634,23.8675445168341,56.29333934783935,41.45858390808104,1.0,110.999999673762,0.0,8640.8359375,8640.8359375,141.554523076734,42.0229866027832,147.10480309817802,1.3140000100983957,32.26635,5.7550564352144,1896.8109846115099,7.496995851397513,1182.554507255554,1120.732045173648,1029.206824302674,-64.8440281,99.0,0.0,86.1025390625,128.874267578125,-907.43896484375,78.3284604549408,29.3186575174332,-0.884600008195324,-1.43079720540097,1.77771382584673,-0.18159999576513447,0.0,0.0,0.0,6.0,0.0,0.0,0.0,26051008.0,0.0,61.79617476474972,216.77521199097652,21.1633011817932,19.59076847076414
2026-05-10 18:03:09+00:00,SUI,SUI,-16.090000595732484,-9.080000036384696,0.0,-1.7600000290550781,5.8599999866228085,13.320000131606161,4.557021105736116,-0.4492521441608715,2.866334305953834,2.9990549987448842,-2.9840431607558697,6.47149034518267,3.9903288480366177,5.246267789222607,29.43000003349262,22.492446436897502,57.833105850219695,43.065585708618165,1.0,110.999999673762,0.0,8640.8359375,8640.8359375,143.499569707057,43.6658718109131,147.39520088508158,2.3524000515734422,32.2662665,4.806333084970604,1896.8699932098382,7.467557955533263,993.9823746681211,1062.037980556487,897.8141188621521,-64.843951,99.0,0.0,86.1025390625,128.874267578125,-908.43896484375,78.3129751682282,28.1593382358551,-1.9298000045811317,0.118814288902692,-1.51754434311983,0.8377999788892199,0.0,0.0,0.0,6.0,0.0,0.0,0.0,26051008.0,0.0,61.14798981251548,216.51842419894052,21.2686635017395,21.92910850524902
2026-05-10 18:03:10+00:00,SUI,SUI,-16.08000051576866,-9.67999988232649,0.0,-2.779999935776418,4.679999921058321,12.130000092799563,3.323017551857375,-0.44910526841328946,3.6976613465831427,2.997968529091346,-0.6293811746449005,6.39693865963725,4.059094253449295,5.503378393074056,28.21000018168138,21.3264067870767,57.89776039123535,43.99496109008788,1.0,110.999999673762,0.0,8640.8359375,8640.8359375,144.317170671464,44.0371959686279,147.86359613383098,0.8884000052844018,32.2661783,3.4432410261797166,1896.860170364378,7.457745168358085,787.4514698982241,859.7225069999695,760.730254650116,-64.8438747,99.0,0.0,86.1025390625,128.874267578125,-909.43896484375,78.278124332428,28.0617535114288,-1.844399972265668,0.757708583040098,-0.316966027491843,-0.8029999622967633,0.0,0.0,0.0,6.0,0.0,0.0,0.0,26051008.0,0.0,61.57358846196384,216.2873725596975,21.049417591095,21.729345474243157
2026-05-10 18:03:11+00:00,SUI,SUI,-16.0500002758772,-8.210000080476636,0.0,0.15999999876058144,9.309999826495707,18.32000032766208,3.218260272514245,-0.448811516918126,4.154981571659812,2.997606315621924,-1.607076650555325,6.337025094011549,4.118890339821279,6.2777619331495575,34.36000018206602,21.4703146040206,57.93192443847655,44.27821540832518,1.0,110.999999673762,0.0,8640.8359375,8640.8359375,142.612191530089,44.5025802612305,146.3620036334848,0.6450000030077219,32.2660889,3.1964963016108223,1896.7225790023779,7.506808452308178,881.5091490745547,890.0375127792361,825.5857229232788,-64.8437982,99.0,0.0,86.1025390625,128.874267578125,-910.43896484375,78.311038017273,27.4781882762909,-1.451999948198028,-0.186579530505298,0.862190413660606,-1.1555999618065504,0.0,0.0,0.0,6.0,0.0,0.0,0.0,26051008.0,0.0,62.638946342286246,216.0670033363165,20.9948524475098,18.147304000854483
2026-05-10 18:03:12+00:00,SUI,SUI,-16.02000003598574,-8.590000045516502,0.0,-0.7399999996037743,7.599999983816296,15.86999986105692,3.2268805048553304,-0.450280194352664,3.7225468846919925,2.9972441021525023,-2.201782235444545,6.338651788939752,4.121608755110942,6.877813859283767,31.89999997700648,21.668975778672348,58.57819175720215,44.961004714965796,1.0,110.999999673762,0.0,8640.8359375,8640.8359375,142.046720168703,45.42340965271,145.66780233077458,1.364199958162946,32.2660001,3.512490307806406,1896.791338920592,7.438119966536758,901.8778085708616,953.630602359772,846.5465903282168,-64.8437184,99.0,0.0,86.1025390625,128.874267578125,-911.43896484375,78.3091008663178,24.207116663456,-1.84280000045259,-0.52461946635098,0.628670621527808,0.04600001138305436,0.0,0.0,0.0,6.0,0.0,0.0,0.0,26051008.0,0.0,63.29916745387586,215.8428638485135,21.03848361968995,17.579436492919918
2026-05-10 18:03:13+00:00,SUI,SUI,-16.0500002758772,-9.759999839018091,0.0,-3.079999997485532,4.040000011393362,11.100000138130923,3.2312636720334798,-0.44969274472319,4.162916373173346,2.997968529091346,-2.48232457164,6.317506035533578,4.142809064653109,7.019720601555622,27.140000504799037,21.646991961055,59.035734558105446,45.74922706604002,1.0,110.999999673762,0.0,8640.8359375,8640.8359375,143.480253932084,45.8640815734863,146.64019997045503,1.9336000016702102,32.2659098,3.626179532248868,1896.8011856079079,7.428307365626094,876.5537619590759,965.5085802078247,818.9186215400694,-64.8436367,99.0,0.0,86.1025390625,128.874267578125,-912.43896484375,65.9109830856323,24.1680815815926,-1.888400050898888,1.05699482594792,0.224583476779616,1.1605999164110945,0.0,0.0,0.0,6.0,0.0,0.0,0.0,26051008.0,0.0,64.05597290448078,215.6586058352735,21.00942821502685,17.33207141876222
2026-05-10 18:03:14+00:00,SUI,SUI,-16.0500002758772,-10.979999861584059,0.0,-5.430000048650682,0.34000000803840563,6.370000052041264,3.22834120484236,-0.449986442857501,3.0513542267951803,2.997968529091346,-2.3635941126372,6.391245099322495,4.309965735626028,7.6975919464889175,22.419999986409,21.76634951680095,58.82514724731445,45.80662101745607,1.0,110.999999673762,0.0,8640.8359375,8640.8359375,143.668302700313,45.8055072784424,147.3275847443742,1.863199982578762,32.2658177,3.7991267522227616,1896.6635704040502,7.3890565894544125,1030.1144242286696,1085.0214242935203,954.4878125190735,-64.843556,99.0,0.0,86.1025390625,128.874267578125,-913.43896484375,65.9013032913208,24.1349026560783,-1.425599986395456,-1.13599599553946,0.148052220985828,0.5345999948982969,0.0,0.0,0.0,6.0,0.0,0.0,0.0,26051008.0,0.0,64.57834440616554,215.5305875996605,20.771462631225603,17.648247299194338
2026-05-10 18:03:15+00:00,SUI,SUI,-16.10000033418684,-11.219999902413601,0.0,-6.19999997331687,-0.7099999731557383,4.720000048814514,3.226149994779255,-0.45042704341981954,3.5815282804556503,2.997606315621924,-2.172887867212745,6.434892313307725,4.384439130128088,7.722387411478086,20.82000016955792,21.320398781928,59.26702766418455,46.04485061645507,1.0,110.999999673762,0.0,8640.8359375,8640.8359375,144.641263147581,46.1573616027832,148.05939580073,2.1383999795931863,32.2657248,3.799431464037108,1896.6930866241441,7.339977938681841,1077.223706245422,1145.3867673873879,1014.723277091982,-64.8434761,99.0,0.0,86.1025390625,128.874267578125,-914.43896484375,61.0129117965698,24.0314617753029,-2.049600007174936,0.490900956852743,0.56510962816361,0.7011999787734351,0.0,0.0,0.0,6.0,0.0,0.0,0.0,26051008.0,0.0,63.69415592753986,215.41481589322848,20.6879493713379,21.42175437927246
2026-05-10 18:03:16+00:00,SUI,SUI,-16.110000414150658,-12.050000050730578,0.0,-7.599999727684204,-2.869999961759672,1.9200000278156573,3.21709156311423,-0.4496927180427635,3.509756311147698,2.9972441021525023,-1.7331619159533356,6.419439693329484,4.399388194409761,7.47214370906344,18.04999987618632,21.1378081886197,59.44218406677245,46.215289077758754,1.0,110.999999673762,0.0,8640.8359375,8640.8359375,142.995447104796,46.4447845458984,147.85620040499822,1.9365999701640682,32.2656307,3.8461491895637137,1896.6046333312977,7.349798269569874,1090.1943683624258,1179.8154354095461,1032.307243347168,-64.8433968,99.0,0.0,86.1025390625,128.874267578125,-915.43896484375,51.9292175769806,22.3490834236145,-2.028999900506082,-0.27356004191428,-0.808832388895085,-1.1059999631512656,0.0,0.0,0.0,6.0,0.0,0.0,0.0,26051008.0,0.0,63.0264120455984,215.2841748649735,20.4857760429382,24.3258769226074
2026-05-10 18:03:17+00:00,SUI,SUI,-16.110000414150658,-11.50000009234368,0.0,-6.750000017081132,-1.50999999363907,3.5700000310424103,3.22863340887279,-0.4501333186050825,3.053157823622886,2.997968529091346,-2.52855684147135,6.444922872990707,4.383351934766948,8.042059389164358,19.70000009285652,21.180483210553952,59.8307704925537,46.7593073272705,1.0,110.999999673762,0.0,8640.8359375,8640.8359375,144.344477767765,46.8499397277832,147.7288009845232,1.31419996388635,32.2655372,4.4701405872293645,1896.70293331146,7.457745261490342,1120.060944557188,1226.769685745238,1099.00782108307,-64.8433148,99.0,0.0,86.1025390625,128.874267578125,-916.43896484375,51.857590675354,22.3451808094978,-2.25519997100445,-0.327917195289327,-0.355009434116874,1.1839999630806577,0.0,0.0,0.0,6.0,0.0,0.0,0.0,26051008.0,0.0,63.145630265485316,215.137899533709,20.2062907218933,23.275474090576182
2026-05-10 18:03:18+00:00,SUI,SUI,-16.1499993679681,-11.69999998407268,0.0,-7.010000047083589,-2.0500000214725462,3.06000000831263,3.223666153798895,-0.4498395937903455,3.3932625683433444,2.99833057180604,-0.373529445360617,6.405342353637307,4.424393602338544,7.325659203255114,19.20999993123356,19.98098587908385,59.22271156311035,46.69410278320309,1.0,110.999999673762,0.0,8640.8359375,8640.8359375,145.874795311685,46.6421985626221,148.8218006404166,0.9595999996102187,32.2654417,3.295212171911372,1896.7717170715318,7.4184945784509155,1082.2878122329719,1174.2351770400999,1073.4326362609859,-64.8432346,99.0,0.0,86.1025390625,128.874267578125,-917.43896484375,51.8208026885986,22.3159044981003,-2.463400017096256,0.367706595701369,-0.731458458512447,0.14700002500810086,0.0,0.0,0.0,6.0,0.0,0.0,0.0,26051008.0,0.0,62.96080944465827,215.02490088408,19.89043292999265,22.87556488037108
2026-05-10 18:03:19+00:00,SUI,SUI,-16.1999997677872,-11.629999936590162,0.0,-7.0400000308429425,-2.049999957439524,3.13000001310647,3.218406694694575,-0.4495458689756085,3.276046959921088,2.997606315621924,-1.271371838993,6.3961251841071025,4.422219211616271,6.414328150509375,19.310000047852803,19.916432907464348,59.1397064208984,46.6846263885498,1.0,110.999999673762,0.0,8640.8359375,8640.8359375,144.747732136363,46.5191860198975,148.1111986874714,0.12080000231925099,32.2653455,3.3863035874188,1896.761870384214,7.4381198734045,1054.476952552794,1140.3460502624519,1072.1727609634381,-64.8431561,99.0,0.0,86.1025390625,128.874267578125,-918.43896484375,51.8343567848206,22.3178565502167,-2.2595999788677723,-0.044091322356612,-0.911201876793061,-0.373999950678917,0.0,0.0,0.0,6.0,0.0,0.0,0.0,26051008.0,0.0,62.55692123450573,214.902626837558,19.520841693878147,23.7646455001831
2026-05-10 18:03:20+00:00,SUI,SUI,-16.1999997677872,-11.66999974418122,0.0,-7.050000025429393,-1.970000000747912,3.10000002934712,3.2176761846185,-0.4498395937903455,3.3225723302451917,2.9972441021525023,0.505397793242257,6.380130076354037,4.440973203529835,5.855093434855158,19.310000389362262,19.5389710407201,58.64730949401855,46.29476898193358,1.0,110.999999673762,0.0,8640.8359375,8640.8359375,142.701407461027,46.1889713287354,147.52079440353958,-1.5534000028011103,32.2652506,3.465302451821492,1896.8208312988259,7.457745261490341,1065.168046951294,1072.8911399841302,1081.985187530518,-64.8430766,99.0,0.0,86.1025390625,128.874267578125,-919.43896484375,51.8208026885986,22.3080977797508,-2.069600039036518,0.957199999201924,-3.83571257513457,-2.10659994216676,0.0,0.0,0.0,6.0,0.0,0.0,0.0,26051008.0,0.0,61.5648854349234,214.743053127979,19.08274126052855,24.68800312042236
2026-05-10 18:03:21+00:00,SUI,SUI,-16.15999978944138,-11.69999998407268,0.0,-7.0600001053932075,-2.099999930371778,2.97000001434589,3.23024074448356,-0.362747198013065,2.8843671152684043,2.997606315621924,-1.647003215039725,6.410764584687288,4.407813830392527,10.828313825213296,19.11999989457814,19.63977694890665,57.52641563415525,46.01125236511232,1.0,110.999999673762,0.0,8640.8359375,8640.8359375,141.67914670833,45.8738800048828,145.2415985265656,-4.025599944910565,32.2651586,3.635320630547188,1896.771717071532,7.565684895962477,1200.864362716674,1137.191820144654,1256.585645675658,-64.8429941,99.0,0.0,86.1025390625,128.874267578125,-920.43896484375,51.8188655376434,22.5344970822334,-1.5894000249337998,-0.697831462876917,-0.143987724821141,-0.6839999669538418,0.0,0.0,0.0,6.0,0.0,0.0,0.0,26051008.0,0.0,62.800872369015416,214.5358320187505,18.41131954193115,22.649257507324222
2026-05-10 18:03:22+00:00,SUI,SUI,-16.149999709477562,-11.5900001289991,0.0,-6.830000059150107,-1.5800000251133395,3.6099999240108502,3.224688974627105,4.684374678566055,3.9025174174346775,2.527336201289299,-0.8400497418162021,6.421066729767146,4.3972138890648536,14.26688172134024,19.75999988962048,19.346507408966552,56.9963047027588,45.776225967407235,1.0,110.999999673762,0.0,8640.8359375,8640.8359375,142.250533013536,45.6706020355225,145.38240151026758,-4.312599968834174,32.2650681,3.064427422309998,1896.820807456968,55.20691880956298,1210.8816146850581,1107.3577880859361,1280.229878425598,-64.8429107,99.0,0.0,86.1025390625,128.874267578125,-921.43896484375,51.828545331955,22.5383996963501,-1.91919999922044,-0.00229954343339613,1.33358963296823,-0.7005999626631032,0.0,0.0,0.0,6.0,0.0,0.0,0.0,26051008.0,0.0,63.78829779090796,214.3585544588425,18.451120948791498,17.50627269744872
2026-05-10 18:03:23+00:00,SUI,SUI,-16.110000072641203,-11.04999990906658,0.0,-5.9100000449324215,-0.15999999342449556,5.190000007821121,3.222789755151025,5.528425123647315,4.302132020912214,-0.9875647043907849,-2.13033482818821,6.430283899297348,4.393680632207208,17.18550693105134,21.29999956819812,19.1472016352119,56.1502904891968,45.179690322875985,1.0,110.999999673762,0.0,8640.8359375,8640.8359375,142.415837251829,45.0074878692627,144.34320188842858,-2.377399995350888,32.264978,2.23833051366026,1896.860146522522,1272.997617721559,1185.670256614684,1144.469928741454,1265.716195106508,-64.8428287,99.0,0.0,86.1025390625,128.874267578125,-922.43896484375,51.8130600452423,22.5208342075348,-2.337600013481718,-1.25692630906354,2.08497031254658,0.019799964681820992,0.0,0.0,0.0,6.0,0.0,0.0,0.0,26051008.0,0.0,64.51161072589886,214.190108333532,18.535664176940898,16.71449661254882
2026-05-10 18:03:24+00:00,SUI,SUI,-16.199999767787183,-12.26000002242344,0.0,-8.189999920548999,-3.819999938392366,0.5600000116702913,3.2167992523620947,5.44823443392313,4.442068851250072,0.08764962715576204,-3.867699738399915,6.373352479640635,4.458912097743322,13.3677574973018,16.75999980613788,19.7515820229779,56.087764549255354,44.63910804748536,1.0,110.999999673762,0.0,8640.8359375,8640.8359375,144.818629499948,44.2884910583496,146.15360090152922,-1.0795999346476313,32.2648887,2.773967822194408,1896.9289302825898,1800.083541870116,1039.578557014466,1091.765809059146,1125.80864429474,-64.8427481,99.0,0.0,86.1025390625,128.874267578125,-923.43896484375,51.7995059490204,22.5208342075348,-2.6701999597855797,0.248336073268143,0.514023228266499,3.324599914588996,0.0,0.0,0.0,6.0,0.0,0.0,0.0,26051008.0,0.0,63.866089547440914,214.039891983116,18.6692313194275,18.777509651184058
2026-05-10 18:03:25+00:00,SUI,SUI,-16.129999891059377,-12.12000009821308,0.0,-7.800000046300044,-3.170000034140954,1.3900000052408077,3.232286492861685,4.939044044742095,2.2203879695644337,1.748258400263294,-11.87523967166413,4.66244046519757,6.152226556676672,11.692342658994198,17.52000041923652,20.845976403499897,56.290518951416004,43.141394805908206,1.0,110.999999673762,0.0,8640.8359375,8640.8359375,156.063074307891,41.847631072998,154.5490044179692,-0.823599983588252,32.2647975,4.48941832658622,1896.978116035462,1907.583045959474,1034.27700996399,1105.33275604248,1088.3138656616197,-64.8426754,99.0,0.0,86.1025390625,128.874267578125,-924.43896484375,51.644629240036,22.5110754370689,-1.90939995842194,1.04400305909462,-0.0630295659601529,15.511999593824182,0.0,0.0,0.0,6.0,0.0,0.0,0.0,26051008.0,0.0,59.88469851419747,213.9407176363675,19.238217544555702,21.37741630554196
2026-05-10 18:03:26+00:00,SUI,SUI,-13.26000024946481,-10.040000028948171,0.0,-6.7700000916314,-2.9700000356902283,1.0399999919437812,3.30037120589055,4.820816031530111,0.3806487089470372,3.3784565965247824,-21.663748976409998,4.366670136870204,6.464796418286602,10.154257140931442,14.30000028409726,16.85939092601525,55.3876625061035,38.47384094238278,1.0,110.999999673762,0.0,8640.8359375,8640.8359375,188.516267356722,35.9263744354248,180.02859891289762,0.014799986064893567,32.264702,6.653623315816586,1896.899437904356,1907.44564533234,1045.940589904784,988.4680509567258,1000.0865221023563,-64.842633,99.0,0.0,86.1025390625,128.874267578125,-925.43896484375,51.0967433452606,22.5032687187195,-1.0038000000148828,-0.170102899751832,3.50724130742925,33.958799309842405,0.0,0.0,0.0,6.0,0.0,0.0,0.0,26051008.0,0.0,40.89999715386918,213.850320082702,19.65665073394775,26.66682552337644
2026-05-10 18:03:27+00:00,SUI,SUI,11.069999983616839,8.01999989518546,0.0,4.770000091115875,1.9200000171434894,-1.3099999898522603,3.26720519466314,4.834768400457155,0.6251777641718842,7.111658619010674,-21.08270051484875,4.290220170999712,6.514263977973052,0.03729870523012924,-12.379999808050451,7.09685981889074,51.88734283447265,32.9129825592041,1.0,110.999999673762,0.0,8640.8359375,8640.8359375,229.599978157754,31.2367572784424,216.1667910340524,3.9882000915157363,32.2646175,3.3819878043256764,1896.8699693679798,1907.4947357177741,900.1619696617123,886.7707967758182,783.2149147987366,-64.8426532,99.0,0.0,86.1025390625,128.874267578125,-926.43896484375,51.3774633407593,30.0700664520264,-1.4929999729600252,-2.68684380744375,5.56911512185402,34.8861986387427,0.0,0.0,0.0,6.0,0.0,0.0,0.0,26051008.0,0.0,17.05792036339332,213.76271607640751,19.85007791519165,31.139105987548838
2026-05-10 18:03:28+00:00,SUI,SUI,16.589999812790857,8.529999907243068,0.0,0.47999999094565765,-8.960000058658594,-18.099999763741227,3.236230820385665,4.874275281833565,2.135632515007546,7.755338293090981,-10.69002640018263,4.171749003053278,6.734422063131627,-6.936349434244425,-34.67000027037808,-3.811314979336725,49.59614582061765,30.252789459228502,1.0,110.999999673762,0.0,8640.8359375,8640.8359375,248.594488352749,29.4830371856689,241.8073949443232,8.393999912565443,32.2645671,-0.46838491341960403,1897.027230262756,1907.0138931274382,446.59721851348877,655.0094962120055,341.25027656555164,-64.8427218,99.0,0.0,86.1025390625,128.874267578125,-927.43896484375,64.4860923290253,39.4988000392914,-2.7347999743329257,1.47510464254684,0.385102980795685,15.453599598118581,0.0,0.0,0.0,6.0,0.0,0.0,0.0,26051008.0,0.0,-2.5424334166429423,213.677857806159,19.978760433197,29.37440265655518
2026-05-10 18:03:29+00:00,SUI,SUI,16.25999990606058,7.240000007949329,0.0,-2.39999998140872,-12.559999860016958,-23.42999986652738,3.22790332568354,4.91892252089065,2.219666722932422,7.766561659935144,-6.054774228683895,4.525534872813366,6.7463813828588615,-8.793344510127348,-39.6900004556069,-22.97155944773815,43.703862190246596,28.500970687866204,1.0,110.999999673762,0.0,8640.8359375,8640.8359375,257.968158007404,27.9901187896728,252.2346021539238,9.176999821656276,32.2645405,-2.044359928732384,1897.970628738404,1906.96482658386,406.68866634368925,629.3258428573608,237.40506172180162,-64.8428025,99.0,0.0,86.1025390625,128.874267578125,-928.43896484375,79.64106798172,39.5456403493881,-1.3804000036076234,0.996949138850459,0.620768946431749,8.214399746830495,0.0,0.0,0.0,6.0,0.0,0.0,0.0,26051008.0,0.0,-48.7879497168662,213.5956223285525,20.01352100372315,22.38026361465452
2026-05-10 18:03:30+00:00,SUI,SUI,16.989999937758363,8.250000058822447,0.0,-1.2799999473959698,-11.24999997155032,-21.79000007133048,3.217237985294565,4.921419168475699,2.639838530953086,7.766199659909134,-3.7946748776104298,4.52499281192536,6.745566455913516,-11.787500342246641,-38.780000692107755,-26.53353127443015,41.74608306884765,27.55406318664552,1.0,110.999999673762,0.0,8640.8359375,8640.8359375,264.55877146209,27.3976999282837,259.5843993310828,9.415200107639533,32.2645263,-2.629403197184412,1800.2358675003081,1906.9255828857422,599.8549580574036,765.5046820640562,304.1827201843264,-64.8428834,99.0,0.0,86.1025390625,128.874267578125,-929.43896484375,87.4760448932648,39.5046561956406,-0.7021999878370339,0.0926298582550559,-0.0251899144168322,5.9989996296291705,0.0,0.0,0.0,6.0,0.0,0.0,0.0,26051008.0,0.0,-60.46834364292638,213.4778083955585,20.0197729110718,12.737543334960957
2026-05-10 18:03:31+00:00,SUI,SUI,22.37999966655374,15.380000040943461,0.0,7.530000021711137,-0.739999994267689,-9.300000088041354,3.2154846543902798,5.343811086797395,4.066979834912123,7.762579830403759,-2.6073607893506052,4.525535043568094,6.744751102081345,-14.845361690264081,-31.699999402258538,-26.90856415515085,41.65667152404785,27.07767436981202,1.0,110.999999673762,0.0,8640.8359375,8640.8359375,269.449678681439,26.9522678375244,264.0371963604622,9.35839991299225,32.2645201,-3.4068410697906977,1382.202386856078,1906.9550037384001,609.6637606620786,767.1309947967527,336.5718603134154,-64.8429639,99.0,0.0,86.1025390625,128.874267578125,-930.43896484375,87.5321865081787,39.5144134759903,-0.5745999839162715,-0.233353493034765,0.508717185137604,3.874799784075166,0.0,0.0,0.0,6.0,0.0,0.0,0.0,26051008.0,0.0,-58.94414048435168,213.215112489891,19.9866697311401,14.147353591918938
2026-05-10 18:03:32+00:00,SUI,SUI,26.880000133287137,20.04999981800492,0.0,12.520000052425875,4.489999981227068,-4.05000002732415,3.221036424246735,5.492147427644435,4.982341254221036,7.75787365931089,-2.080425248540755,3.9386033131879246,6.708329630596438,-18.92518070133458,-30.919999995270096,-28.760260882539853,40.78107662200925,27.095022125244164,1.0,110.999999673762,0.0,8640.8359375,8640.8359375,273.573118524889,27.3725635528564,267.8331969351018,9.648799919707326,32.2645196,-4.128738789585517,818.3774709701536,1906.984424591062,614.500677585602,753.2492756843567,315.6366765499116,-64.843044,99.0,0.0,86.1025390625,128.874267578125,-931.43896484375,87.5012099742889,39.5651578903198,-0.6367999873831509,0.202192809339418,0.179652171222171,3.467999864279462,0.0,0.0,0.0,6.0,0.0,0.0,0.0,26051008.0,0.0,-62.92082005310566,212.97307107627302,19.6343905448914,12.40614658355712
2026-05-10 18:03:33+00:00,SUI,SUI,28.239999738553923,20.07999971638692,0.0,11.200000083995402,1.3999999784829162,-8.849999904764227,3.22264333297069,5.503456086475859,4.995325273078502,5.776148144748764,-1.50410461190651,3.67346757857117,6.7376838199697655,-19.93912672324594,-37.079999392599596,-29.92281457456305,40.221115493774406,28.111341247558595,1.0,110.999999673762,0.0,8640.8359375,8640.8359375,275.143379015075,28.4259172439575,270.99939396260163,9.549999696570529,32.2645236,-3.671127598450206,254.43468606099492,1907.06293582916,620.8509802818301,733.764660358429,291.383355855942,-64.8431256,99.0,0.0,86.1025390625,128.874267578125,-932.43896484375,87.4721705913544,39.5319789648056,-0.5637999927511124,-0.480950331727387,-1.14941977185777,2.838199945677584,0.0,0.0,0.0,6.0,0.0,0.0,0.0,26051008.0,0.0,-69.28847154460087,212.6597771292335,19.5301594734192,10.11014133453368
2026-05-10 18:03:34+00:00,SUI,SUI,28.379999833518962,19.9400003044408,0.0,11.079999978203292,1.6300000087177637,-8.280000127959172,1.439576186279403,5.513884504678,2.9752546496291083,4.629253259039394,-0.19017791294987718,3.6525928982976823,6.742576369849614,-18.85689725114522,-36.670000212196655,-30.555725516265802,40.44986457824705,29.0907772064209,1.0,110.999999673762,0.0,8640.8359375,8640.8359375,277.627327570912,29.5921794891357,273.32500234102383,8.494999968879167,32.2645304,-3.5076991862357376,7.3608209379017335,1907.013916969298,496.3933348655702,629.7935485839841,209.269118309021,-64.8432098,99.0,0.0,86.1025390625,128.874267578125,-933.43896484375,87.5496089458466,39.5163655281067,-0.988400004509766,0.247903129988214,-0.247554096649456,1.5659999462477243,0.0,0.0,0.0,6.0,0.0,0.0,0.0,26051008.0,0.0,-72.94745989052782,212.2923675934005,19.542990303039552,8.126142826080322
2026-05-10 18:03:35+00:00,SUI,SUI,28.220000261645218,18.91999966133968,0.0,9.379999873978221,-1.1100000074097895,-12.160000076558898,-0.4613981414958585,5.520347571180125,2.9900420945595516,4.534040678141512,-0.667205815113292,3.6517794227675324,6.743119967530184,-18.35564640192144,-40.38999990590374,-30.125326268359352,41.27659606933595,30.18951301574708,1.0,110.999999673762,0.0,8640.8359375,8640.8359375,279.404570113706,30.6025749206543,274.8007985829126,8.115200128381982,32.2645401,-3.5953817823944574,7.0758269168436545,1906.9255828857417,448.835587501526,574.8801469802855,181.4770460128786,-64.843297,99.0,0.0,86.1025390625,128.874267578125,-934.43896484375,87.5825226306915,39.5280748605728,-0.9196000212644148,0.144864496994989,-0.348235193801117,1.952999958724528,0.0,0.0,0.0,6.0,0.0,0.0,0.0,26051008.0,0.0,-73.83226855033016,211.930586133443,19.55042753219605,8.01590446472168
2026-05-10 18:03:36+00:00,SUI,SUI,22.75000023464872,13.429999986679741,0.0,4.09000000566996,-6.23999995166267,-17.090000054377583,-0.46168994531989105,5.525781626995105,2.985353041628292,4.459825550167446,-0.39979934050114607,3.65069530099152,6.742576369849614,-16.27892533572234,-39.8400002890263,-28.85325134676865,42.4640619277954,31.236076126098617,1.0,110.999999673762,0.0,8640.8359375,8640.8359375,280.487373663206,31.7000301361084,276.6279943972204,7.474199852135707,32.2645522,-3.44008458232084,7.007035333663228,1906.9648504257202,470.97856998443604,570.9298968315127,186.5980505943302,-64.8433867,99.0,0.0,86.1025390625,128.874267578125,-935.43896484375,87.5689685344696,39.5651578903198,-0.9271999620817175,-0.31183943691122,-1.1760867513682,1.667599970647018,0.0,0.0,0.0,6.0,0.0,0.0,0.0,26051008.0,0.0,-72.72597324819833,211.6511494341195,19.55332946777345,9.260673980712887
2026-05-10 18:03:37+00:00,SUI,SUI,21.6000002595653,13.169999785922519,0.0,4.129999984015762,-5.4899998454146575,-15.699999696955164,-0.460521209239452,5.523872375678675,2.9846316882745736,4.819678335457798,-1.067005161867662,3.651779508144898,6.74230478445274,-13.657464752080301,-37.299999785765735,-27.69135249913215,43.6546709060669,32.293607711792,1.0,110.999999673762,0.0,8640.8359375,8640.8359375,283.238109408024,32.6771816253662,278.8066007122494,6.393199984840318,32.2645669,-3.12498742265196,7.124963868409397,1907.1807384490937,412.86948919296236,495.17284631729143,156.4130425453186,-64.8434792,99.0,0.0,86.1025390625,128.874267578125,-936.43896484375,87.5341236591339,45.2953934669495,-1.238200022104796,-0.23691586357375,-0.961047103251933,2.7445998870653776,0.0,0.0,0.0,6.0,0.0,0.0,0.0,26051008.0,0.0,-71.38445715935397,211.4791174594945,19.551211166381847,11.18481880187988
2026-05-10 18:03:38+00:00,SUI,SUI,21.560000281219498,14.72999979518256,0.0,7.500000037951784,-0.17999999860565213,-8.54999998179333,-0.461105830743723,5.523284979410056,2.9846320297840316,6.1055910495522,-0.2584762561532875,3.6525926421655894,6.743391809059149,-14.587869705724861,-30.129999142280003,-27.43486779674075,44.8009328842163,33.24424301147458,1.0,110.999999673762,0.0,8640.8359375,8640.8359375,285.771727099505,33.586828994751,280.98360056678627,5.992800037674277,32.2645855,-3.6036787973774116,7.124963775277138,1907.053160667418,361.77093386650097,462.24891543388355,170.51312327384937,-64.8435737,99.0,0.0,86.1025390625,128.874267578125,-937.43896484375,87.5147640705109,45.346137881279,-1.187200002756344,0.186022002974082,0.187402594980711,1.6841999129954268,0.0,0.0,0.0,6.0,0.0,0.0,0.0,26051008.0,0.0,-70.81231406918735,211.41346568119252,19.54649991989135,12.096003055572478
2026-05-10 18:03:39+00:00,SUI,SUI,18.929999741303497,10.44999989237002,0.0,1.9900000112651584,-7.299999975468038,-17.129999691213918,-0.4613976345677555,5.52166921278452,2.9857135475504215,7.760046171731142,-0.789615624984828,3.790040722324624,6.731976087012479,-17.16202781426994,-36.06000079855528,-26.9196171087752,45.48303794860835,34.09168716430664,1.0,110.999999673762,0.0,8640.8359375,8640.8359375,288.848727320596,34.5350761413574,283.70399387923476,5.544199957799647,32.2646083,-3.637088155438344,7.065999601036313,1907.023715972898,445.89164257049543,536.0157489776614,265.5546098947524,-64.8436695,99.0,0.0,86.1025390625,128.874267578125,-938.43896484375,87.5941395759582,45.4183489084244,-0.9905999657527438,-0.389368087086814,-1.85141925095398,3.625799944485748,0.0,0.0,0.0,6.0,0.0,0.0,0.0,26051008.0,0.0,-70.81954450744277,211.427317304829,19.5423448562622,11.82627033233644
2026-05-10 18:03:40+00:00,SUI,SUI,18.6999992681736,12.340000149869761,0.0,5.75000004617184,-1.1299999859105219,-8.549999811038598,-0.460813546672014,5.52181627529509,2.985713547550422,7.75316765897275,1.123746851675836,4.842179881414218,6.730888806273981,-18.23281296290684,-27.25000001836318,-26.74898276160905,46.649945640563956,35.29910934448242,1.0,110.999999673762,0.0,8640.8359375,8640.8359375,290.716866020864,35.7798030853271,286.32179775035,4.237400012959156,32.2646363,-3.907750921820154,7.0463446900248545,1907.1316480636578,435.23383736610424,497.6343095302582,306.1101019382478,-64.8437667,99.0,0.0,86.1025390625,128.874267578125,-939.43896484375,87.539929151535,52.7567982673645,-1.342800014997944,0.0284546247781793,-0.427292418968619,1.0651999748865415,0.0,0.0,0.0,6.0,0.0,0.0,0.0,26051008.0,0.0,-71.26657765654438,211.5226667456425,19.541148376464847,11.084928703308101
2026-05-10 18:03:41+00:00,SUI,SUI,18.67999979126488,11.300000029859941,0.0,3.2800000066084287,-5.670000073471975,-14.980000257485395,-0.46154403006766154,5.52401922474583,2.9849925357061613,7.728911437418551,1.7242336580889401,5.741689413499226,6.731976001635118,-18.54447347020618,-33.65999936573134,-26.270760236681397,47.304857826232904,36.253173751831035,1.0,110.999999673762,0.0,8640.8359375,8640.8359375,289.924482114873,36.5543598175049,286.4463913291138,3.357399977087278,32.2646673,-3.8058544031778596,6.997207924723625,1907.053184509276,462.29452490806597,518.1801676750184,394.68084573745716,-64.8438662,99.0,0.0,86.1025390625,128.874267578125,-940.338012695312,87.5496089458466,52.7041018009186,-1.258400007754332,0.148183475343726,-2.53977638767845,-0.3991999896505744,0.0,0.0,0.0,6.0,0.0,0.0,0.0,26051008.0,0.0,-71.5537133451004,211.6363962255125,19.540295219421353,11.058538513183604
2026-05-10 18:03:42+00:00,SUI,SUI,18.709999348137398,11.88000005738354,0.0,4.72000000612583,-2.7799999891372718,-10.949999963202043,-0.4616904255675675,5.52078811838159,2.9846320297840316,6.976261473904666,1.42109871030552,5.783167615536156,6.731976513899307,-15.600671841704962,-29.6799996420218,-26.1265296932992,47.806654930114746,37.01430587768554,1.0,110.999999673762,0.0,8640.8359375,8640.8359375,289.226190894888,37.3724327087402,285.72239674124387,1.7575999859580977,32.2646981,-3.7679333636606778,6.987380515784028,1907.062959671018,620.2455282211304,602.6569604873658,527.307206392288,-64.8439682,99.0,0.0,86.1025390625,128.874267578125,-941.43896484375,87.5883281230926,52.7255713939667,-1.229999995808052,-0.0509692394744822,-0.58502448543181,-0.7755999700862553,0.0,0.0,0.0,6.0,0.0,0.0,0.0,26051008.0,0.0,-72.43979105405049,211.70738921174552,19.538748550415,9.48770988464355
2026-05-10 18:03:43+00:00,SUI,SUI,18.729999508065,11.90000004655646,0.0,4.829999946576792,-2.6600000060750904,-10.470000052297674,-0.46154403006766154,5.520788331825005,2.9846316882745736,5.62735623028408,0.862642306713418,5.783167444781428,6.732519599315687,-13.0772494028431,-29.200000243381602,-25.3987918202545,48.66874523162841,37.837001953125004,1.0,110.999999673762,0.0,8640.8359375,8640.8359375,287.706665049856,38.1612716674805,284.6931965163494,1.1168000050092353,32.2647283,-3.6552826267928316,6.948070973157885,1906.8961381912202,744.1812038421632,713.337528705597,696.2780714035033,-64.8440731,99.0,0.0,86.1025390625,128.874267578125,-942.43896484375,87.6347959041596,52.7567982673645,-1.348200005244438,-0.341932503342355,0.625083491553082,-1.2862000249346206,0.0,0.0,0.0,6.0,0.0,0.0,0.0,26051008.0,0.0,-71.96773072579204,211.745904648475,19.44980134963985,10.869246997833251
2026-05-10 18:03:44+00:00,SUI,SUI,18.00999989784052,11.190000004031607,0.0,3.940000086873192,-3.9499999533935948,-12.619999827535645,-0.461398114815432,5.51961332584435,2.9842711823524435,5.68347016167451,-0.399797445773987,5.783167957045608,6.732791611599383,-13.37098134659006,-30.63999980534,-24.5468964760247,49.8462547302246,38.745295944213865,1.0,110.999999673762,0.0,8640.8359375,8640.8359375,289.717855232102,39.3375881195068,285.0222039965935,1.5004000346945718,32.2647578,-3.537410167615834,6.948070973157885,1907.1218490600556,769.3417429924011,769.7913289070127,763.7747526168821,-64.8441808,99.0,0.0,86.1025390625,128.874267578125,-943.43896484375,87.605756521225,46.930930018425,-1.7078000095024781,-0.620990607414657,-0.00683099208409609,1.689199952977334,0.0,0.0,0.0,6.0,0.0,0.0,0.0,26051008.0,0.0,-70.51462983647721,211.805545860308,19.3048788070679,15.8698962020874
2026-05-10 18:03:45+00:00,SUI,SUI,17.50999999776322,8.970000181311102,0.0,0.0800000100524614,-9.680000053081203,-19.7400000712023,-0.4606671244916815,5.521228665583055,2.9842711823524435,6.13419101528643,-1.0386352374382861,5.470047411433849,6.716211498143906,-13.36258892240212,-37.26000014892941,-23.27935680004295,51.154836273193354,40.225542984008804,1.0,110.999999673762,0.0,8640.8359375,8640.8359375,292.424713841691,40.7496917724609,287.6068022200398,1.7821999794709558,32.2647909,-3.3029858663378517,6.948071066290145,1907.043337821958,805.4757356643679,843.4797286987305,804.7474026679992,-64.8442909,99.0,0.0,86.1025390625,128.874267578125,-944.43896484375,87.6038193702698,41.1284804344177,-1.969600007794644,0.22969790108578,-1.0646495470168,3.6541998283659742,0.0,0.0,0.0,6.0,0.0,0.0,0.0,26051008.0,0.0,-69.77518945881812,211.95246322935498,19.1396444320679,17.41286899566648
2026-05-10 18:03:46+00:00,SUI,SUI,17.4899998378356,9.349999975596239,0.0,0.5699999902484854,-8.6500000130352,-18.43000018273566,-0.4613981414958585,5.52960034307138,2.983910334920856,4.93661271084098,1.34124563469758,4.953059977117098,6.727898890964807,-13.178339105389682,-35.929999759025634,-23.352915376083,52.34595336914065,41.58951622009278,1.0,110.999999673762,0.0,8640.8359375,8640.8359375,294.297633674379,42.2931747436523,290.2249831175968,0.8741999886390932,32.2648301,-3.749932442791793,6.99720783159137,1907.1316480636601,854.188084602356,898.2033133506773,889.3736481666565,-64.8444027,99.0,0.0,86.1025390625,128.874267578125,-945.338012695312,87.5786483287811,35.2460145950317,-2.2124000419857617,-0.943789563096838,-0.353046181617318,0.7379999921487479,0.0,0.0,0.0,6.0,0.0,0.0,0.0,26051008.0,0.0,-70.3945919938899,212.18787252928848,19.05662813186645,15.485474109649681
2026-05-10 18:03:47+00:00,SUI,SUI,16.83999976282948,8.29000003716824,0.0,-0.7599999620962509,-10.539999929025475,-20.91000020621334,-0.46066760473935797,5.019821276961251,2.9839099934113977,5.431138299675862,0.3798351273621936,4.95089079441407,6.743663821342845,-11.35605795369916,-37.739999889079016,-22.57484754659185,53.72996463775635,43.20080818176266,1.0,110.999999673762,0.0,8640.8359375,8640.8359375,294.965489571422,43.7621395111084,290.6280025276868,0.446799994191046,32.2648735,-3.7945541967055343,7.046344783157113,1907.1120262145978,768.3315753936765,826.6453742980957,853.4846663475039,-64.8445173,99.0,0.0,86.1025390625,128.874267578125,-946.43896484375,87.6638352870941,30.0388395786285,-2.5693999853258482,0.701782460507505,-0.307069590312597,1.4921999497008929,0.0,0.0,0.0,6.0,0.0,0.0,0.0,26051008.0,0.0,-70.4858460532769,212.4274892257505,18.9402279853821,13.417641506195082
2026-05-10 18:03:48+00:00,SUI,SUI,16.33999952124274,7.579999994643394,0.0,-1.8700000121947202,-12.08000011986728,-22.71999999475728,-0.459790699163378,3.956055492390025,2.983910334920856,4.476840917427782,0.41083144962547696,4.947366672934438,6.744751102081347,-10.666742285302039,-39.060000199018944,-22.34201664306985,55.005005264282204,44.62218772888183,1.0,110.999999673762,0.0,8640.8359375,8640.8359375,296.596975877328,45.2699924468994,292.399797311599,0.3318000057540484,32.2649203,-3.8341321547379934,7.085654418915512,1907.2101593017583,845.7350611686707,879.7605514526367,905.3833723068235,-64.8446348,99.0,0.0,86.1025390625,128.874267578125,-947.338012695312,87.6193046569824,28.3740252256393,-2.3227999327013125,-0.655238563295276,1.27067014377748,1.078599973608799,0.0,0.0,0.0,6.0,0.0,0.0,0.0,26051008.0,0.0,-70.9155523784921,212.6969948300215,18.88290424346925,14.177240524292
2026-05-10 18:03:49+00:00,SUI,SUI,16.32999978278838,7.509999947160873,0.0,-1.979999995334366,-12.26000002242344,-22.949999443358823,-0.4603753206676485,2.7147260270179148,2.984270840842986,4.478288746777094,0.10454749865386019,4.948450794710444,6.7450228582329474,-12.32995038027974,-39.27999922614722,-21.212737071362,56.793648147583,46.325966033935536,1.0,110.999999673762,0.0,8640.8359375,8640.8359375,297.862254760695,47.0311935424805,293.617193836808,1.193599911352988,32.2649712,-3.4599664945984676,6.957898382097487,1907.249402999878,900.2321958541872,958.8854908943179,931.5958023071291,-64.8447552,99.0,0.0,86.1025390625,128.874267578125,-948.43896484375,82.7638268470764,23.3542174100876,-2.539199919712496,-0.439339938849596,0.971747128195287,1.8654000078547655,0.0,0.0,0.0,6.0,0.0,0.0,0.0,26051008.0,0.0,-70.2500447004849,213.0016827387065,18.87748317718505,15.453176879882799
2026-05-10 18:03:50+00:00,SUI,SUI,16.33999952124274,7.569999914679578,0.0,-1.979999995334366,-12.210000134868501,-22.960000206341554,-0.46037481373954603,2.0522041875507346,2.98535338313775,4.882308608825879,-0.24901962079109335,4.66515136727915,6.638477200577354,-13.36373314984282,-39.3100008320765,-20.9638560770642,58.81606292724605,48.27075004577638,1.0,110.999999673762,0.0,8640.8359375,8640.8359375,301.482500907612,49.0671901702881,296.1372003273112,2.165999920255564,32.2650271,-3.7605917640765596,7.02669005841017,1907.298469543456,980.8137893676767,1098.4712600708021,1040.2900338172926,-64.8448784,99.0,0.0,86.1025390625,128.874267578125,-949.338012695312,70.1992154121399,23.3698308467865,-2.591399981953778,0.375851409523624,0.542601380084067,3.0977998973494083,0.0,0.0,0.0,6.0,0.0,0.0,0.0,26051008.0,0.0,-69.93872877622923,213.378640878999,18.9121278762817,18.873024787902843
2026-05-10 18:03:51+00:00,SUI,SUI,16.33999952124274,7.549999925506677,0.0,-1.9700000007479161,-12.110000189004,-22.810000031412677,-0.4603753206676485,1.6230558781185698,2.9839099934113977,3.7506186633599654,1.249832143754275,4.395406962519932,6.296008868894609,-14.591684195621578,-39.140000838729456,-20.6790952452826,60.227085113525405,50.01637664794922,1.0,110.999999673762,0.0,8640.8359375,8640.8359375,302.147570087474,50.4598617553711,298.4553993165216,2.5516000000846057,32.2650913,-4.002981346587244,6.987380608916287,1907.269024848938,1177.0186662673939,1283.909249305726,1201.086854934692,-64.8450027,99.0,0.0,86.1025390625,128.874267578125,-950.338012695312,70.2340602874756,23.3327478170395,-2.4235999498497245,-0.261894425657442,-1.47172754088909,0.8027999498118735,0.0,0.0,0.0,6.0,0.0,0.0,0.0,26051008.0,0.0,-70.54868789175457,213.818184042657,18.892060661315902,16.094458122253418
2026-05-10 18:03:52+00:00,SUI,SUI,17.41999996110784,8.6999999005901,0.0,-0.7500000155345667,-10.7099999223725,-21.66000039783872,-0.4600830099155135,0.956421891245071,2.983910334920856,3.8128864671265257,1.088546751416664,4.44474713917836,6.196530322595867,-14.35936897138194,-39.06000088203786,-20.05918556866495,60.75854873657225,51.06575569152832,1.0,110.999999673762,0.0,8640.8359375,8640.8359375,301.888296106581,51.6602039337158,298.52699609147714,1.0835999869102824,32.2651584,-3.308726512269204,7.065999601036312,1907.1905374526964,1185.98153591156,1282.84900188446,1239.4086122512801,-64.8451294,99.0,0.0,86.1025390625,128.874267578125,-951.338012695312,70.1430678367615,21.1116969585419,-2.876599994898996,-0.740497786992136,-1.90661016765545,0.013399990718132044,0.0,0.0,0.0,6.0,0.0,0.0,0.0,26051008.0,0.0,-71.66671745888041,214.234784600893,18.82494192123415,12.36864046096802
2026-05-10 18:03:53+00:00,SUI,SUI,17.780000449238962,9.340000066387155,0.0,0.3799999970563806,-9.040000058038887,-19.470000302745483,-0.460228925167743,-0.22704171789079894,2.98282796338082,3.9131676033414324,0.9650878805175074,4.491647316133168,6.154673045060007,-13.03109166745108,-37.27000022889318,-19.84095504826755,62.06681785583495,52.668886871337875,1.0,110.999999673762,0.0,8640.8359375,8640.8359375,301.157493186146,53.5041217803955,298.0183928851212,-0.13499999328464996,32.2652264,-3.4193140624321976,6.987380515784028,1907.2592496871923,1012.9662156105032,1128.7177085876478,1150.7979631423962,-64.8452599,99.0,0.0,86.1025390625,128.874267578125,-952.43896484375,70.0404644012451,21.1116969585419,-3.4613999805505222,-0.100688547660745,1.32890369631078,-1.0139999590614548,0.0,0.0,0.0,6.0,0.0,0.0,0.0,26051008.0,0.0,-72.68030250529416,214.599906023354,18.71166172027585,11.23667907714842
2026-05-10 18:03:54+00:00,SUI,SUI,17.84999964294786,8.719999889763002,0.0,-0.870000030613258,-11.190000174786359,-21.9899999630595,-0.460667631419784,-0.45527362292489904,2.98282796338082,3.906289346715132,0.174947738359086,4.537734444444657,6.110369620650272,-13.35762969280052,-39.829999526043565,-18.980673085510553,63.5586891174316,54.547215270996105,1.0,110.999999673762,0.0,8640.8359375,8640.8359375,301.646917221312,55.2832168579102,297.8809967997774,0.6483999644548478,32.2652958,-3.2581859298641405,6.908761430531745,1907.3573350906402,941.7370557785034,1067.554116249084,1072.682881355284,-64.8453957,99.0,0.0,86.1025390625,128.874267578125,-953.338012695312,70.0520753860474,21.1312144994736,-3.3889999753483857,0.29448195187866,0.685699019198565,1.01860000075401,0.0,0.0,0.0,6.0,0.0,0.0,0.0,26051008.0,0.0,-72.88658104841772,214.921000046426,18.42265520095825,12.14542694091796
2026-05-10 18:03:55+00:00,SUI,SUI,17.91999986118514,8.619999773143764,0.0,-0.930000030148476,-11.08000014895804,-21.8599999480583,-0.459498415091669,-0.45292377104615,3.1682090304745336,3.9537146798397536,0.8505592151538819,4.60334046047938,6.0519324857910295,-13.70553033006222,-39.78000049226234,-18.60316682253665,65.0017845153809,56.3308264160156,1.0,110.999999673762,0.0,8640.8359375,8640.8359375,302.730485752,57.0736072540283,298.9783950974964,1.1875999743652699,32.2653685,-3.2804924739197583,7.007035333663228,1907.1806907653802,992.2707915306094,1112.9546880722041,1107.26945400238,-64.8455353,99.0,0.0,86.1025390625,128.874267578125,-954.338012695312,70.024973154068,27.7084916830063,-3.078199943818456,0.402759873573814,-0.136153351100791,0.7805999727155669,0.0,0.0,0.0,6.0,0.0,0.0,0.0,26051008.0,0.0,-73.41107400685864,215.2482480699395,18.1881923675537,13.77863988876344
2026-05-10 18:03:56+00:00,SUI,SUI,17.949999759567117,8.84999990476423,0.0,-0.5100000120576089,-10.31999987736882,-20.9499998430497,-0.459937094663284,-0.44293736746893,4.002421527207397,3.1865836907570664,1.59552002384052,4.6667779768299855,5.976100225153594,-14.7511383768901,-38.890000205671896,-18.86590797820775,65.93408088684085,58.000825881957994,1.0,110.999999673762,0.0,8640.8359375,8640.8359375,302.946374371286,58.5975723266602,299.262405291488,0.768400011550052,32.2654459,-3.794399919807656,7.065999601036313,1907.121849060056,1167.6286458969103,1284.519147872924,1240.8047914505,-64.8456777,99.0,0.0,86.1025390625,128.874267578125,-955.338012695312,70.0036764144898,28.6648333072662,-2.8575999881092664,-1.07855282395919,-0.420683143729574,-0.287600000013301,0.0,0.0,0.0,6.0,0.0,0.0,0.0,26051008.0,0.0,-75.63903800090614,215.5400747324175,17.89368152618405,9.451533257961275
2026-05-10 18:03:57+00:00,SUI,SUI,17.929999941148957,9.679999882326475,0.0,1.189999996117908,-7.739999908026609,-17.48999983783562,-0.459790699163378,-0.436769479864784,3.9883555210080326,3.2513861350359354,0.9797973332253671,4.721269311405714,5.921196432529365,-15.48050866514638,-35.41999977898454,-17.9171127402229,66.83939552307126,59.63825500488277,1.0,110.999999673762,0.0,8640.8359375,8640.8359375,300.478736307187,60.3735466003418,298.2715907297292,0.25879998977766877,32.2655249,-3.408043908792218,6.987380608916285,1907.0138931274378,1165.2431964874238,1279.07176017761,1287.4503374099738,-64.8458244,99.0,0.0,86.1025390625,128.874267578125,-956.338012695312,70.0172305107117,28.9946705102921,-3.6355999425955616,0.749809149099861,-0.17511488456066,-1.423399961119458,0.0,0.0,0.0,6.0,0.0,0.0,0.0,26051008.0,0.0,-77.38054499396262,215.735950897435,17.61058959960935,2.2252656340599053
2026-05-10 18:03:58+00:00,SUI,SUI,17.940000021112777,10.16999970243992,0.0,2.0800000692649263,-6.3999999504232505,-15.53999978357194,-0.459498868658919,-0.4555673744200625,3.9883552648759406,3.5319550662804735,0.49331473503325496,4.762205281799904,5.887493034824667,-17.11815853375932,-33.46999989547558,-16.8409122761026,67.171333694458,60.860538940429684,1.0,110.999999673762,0.0,8640.8359375,8640.8359375,299.99524087622,61.1219833374023,297.6393993484558,-0.335399990358236,32.2656017,-2.3807926356889997,6.977553106844428,1907.2199821472161,1067.037272453308,1196.31860256195,1240.0270938873302,-64.8459779,99.0,0.0,86.1025390625,128.874267578125,-957.338012695312,70.005613565445,30.3589195013046,-3.782400003143542,-1.18877766973291,-2.55054588845226,0.5423999865536014,0.0,0.0,0.0,6.0,0.0,0.0,0.0,26051008.0,0.0,-78.49466496080755,215.85951584971002,17.42217922210695,6.820431718826294
2026-05-10 18:03:59+00:00,SUI,SUI,17.9700002610042,12.10000010904024,0.0,6.229999871698854,0.020000010517242605,-6.689999964185063,-0.459498868658919,-1.84347157880273,3.9883555210080317,4.38669642227141,0.5290393791464519,4.800430691621976,5.84427706190816,-15.195550782407238,-24.63999997988424,-16.8784680712539,67.5529541015625,61.8621775817871,1.0,110.999999673762,0.0,8640.8359375,8640.8359375,298.31539683099,62.1773025512695,296.9990008118756,-2.1717999034553275,32.2656776,-2.071639704277416,6.967725791037085,1907.1316480636601,901.5978097915647,1047.420287132262,1182.2915792465221,-64.8461354,99.0,0.0,86.1025390625,128.874267578125,-958.338012695312,69.968831539154,30.3491622209549,-4.139199992695675,1.14271199248429,1.42632770036284,-2.4354000087754195,0.0,0.0,0.0,6.0,0.0,0.0,0.0,26051008.0,0.0,-80.65509750849328,215.919484910622,17.320747089386003,3.1522093677520764
2026-05-10 18:04:00+00:00,SUI,SUI,17.869999461366042,11.73999979166376,0.0,5.069999987406348,-2.040000016213923,-9.670000143872127,-0.459644303663472,-2.28833492621547,3.987994801642492,3.258626775886384,-0.437097562398676,4.809105885641538,5.826337996939945,-15.12040128455472,-27.530000208293263,-16.282088396326948,68.162211227417,62.338599700927716,1.0,110.999999673762,0.0,8640.8359375,8640.8359375,297.140085199371,62.6619094848633,295.4504056817368,-1.528799982607828,32.2657507,-2.0281772042205577,7.085654325783255,1907.1905612945543,969.4277644157403,1068.637323379516,1206.6679716110261,-64.8462973,99.0,0.0,86.1025390625,128.874267578125,-959.338012695312,69.949471950531,30.3667277097702,-3.6795999358514195,-0.137648682281348,-0.280297596643674,-0.1720000141422724,0.0,0.0,0.0,6.0,0.0,0.0,0.0,26051008.0,0.0,-80.43190468490911,215.8855047195015,17.288535690307597,3.1431475996971163
2026-05-10 18:04:01+00:00,SUI,SUI,17.820000086075318,11.67000025644544,0.0,5.330000017408805,-1.2700000275147114,-8.430000046755916,-0.4589142738350745,-3.1525067884264697,3.9879947162651264,4.08693986747838,-0.511699656607799,4.772235926860256,5.697776590532653,-15.00214543832188,-26.270000378136224,-15.2705877528932,69.6476932525635,63.05988647460936,1.0,110.999999673762,0.0,8640.8359375,8640.8359375,296.671342977012,63.4297508239746,295.54139472978375,-1.2843999339149499,32.2658222,-1.4379852324504638,7.016862742602828,1907.2396039962762,877.6233673095705,1035.4063987731924,1122.3976612091078,-64.846462,99.0,0.0,86.1025390625,128.874267578125,-960.43896484375,69.9978709220886,30.397954583168,-4.346799835914171,0.691710065915852,-0.501768801678438,-0.15079999274871078,0.0,0.0,0.0,6.0,0.0,0.0,0.0,26051008.0,0.0,-77.02470443254545,215.92744891119452,17.2485918045044,23.06126266479492
2026-05-10 18:04:02+00:00,SUI,SUI,17.88999962129368,12.180000065731798,0.0,6.1600000803484285,-0.019999999845072662,-6.9000001066326275,-0.46037532066764897,-3.1554441966564,3.98763391152222,3.8146971929641778,-0.469671261488889,4.369110221951192,5.314810786600434,-14.979638598968842,-24.7800000748493,-14.969235537844,70.2840076446533,63.64905441284181,1.0,110.999999673762,0.0,8640.8359375,8640.8359375,296.786418004148,63.565225982666,295.36779864183865,-1.5240000031355758,32.2658936,-1.403648099912496,6.977553199976685,1907.2690248489384,771.825647354126,939.599621295929,1069.130563735962,-64.8466292,99.0,0.0,86.1025390625,128.874267578125,-961.43896484375,70.0114250183106,30.3920984268188,-3.626400019293012,-0.189831887829201,-0.657102244443338,0.04000000235818781,0.0,0.0,0.0,6.0,0.0,0.0,0.0,26051008.0,0.0,-75.55409503631215,216.0466425424005,17.18186960220335,28.919482498168964
2026-05-10 18:04:03+00:00,SUI,SUI,18.01999963629488,13.129999978331501,0.0,8.369999908482487,3.3599999526278688,-1.8800000334615983,-0.45964481059157447,-3.1624936989317947,3.9865517534256,3.765099560862722,-0.4560108297880105,4.339289616034918,5.260178920882535,-14.417734303877538,-19.909999723039903,-14.274529740285999,70.26411209106445,63.342751464843765,1.0,110.999999673762,0.0,8640.8359375,8640.8359375,295.690500491441,63.2425506591797,295.0914054748096,-2.04720000676664,32.2659645,-1.0485536939734788,6.977553199976687,1907.2003602981542,762.6998066902162,872.0526933670044,1013.895678520202,-64.8467969,99.0,0.0,86.1025390625,128.874267578125,-962.138000488281,69.9514091014862,30.4038107395172,-3.8369999377270716,1.07730908920001,-0.242272652873744,-0.8061999843800436,0.0,0.0,0.0,6.0,0.0,0.0,0.0,26051008.0,0.0,-74.01657437489379,216.1823925521545,16.8799653053284,21.785119285583498
2026-05-10 18:04:04+00:00,SUI,SUI,17.9900004209318,13.710000005855118,0.0,9.429999761533116,4.950000052368936,-0.019999999845072537,-0.45935247315901295,-3.66889480961053,3.9872731921566804,3.259712306388912,-0.3751048911916825,4.33359648260698,5.25963532320197,-14.63707916963806,-18.010000239349978,-14.487918083448701,69.92496757507325,62.785324401855476,1.0,110.999999673762,0.0,8640.8359375,8640.8359375,294.596495431702,62.3919410705566,293.7921996757978,-1.6553999507845638,32.2660328,-1.3823533416607139,6.967725884169345,1907.2101593017578,725.8867979049683,801.7076015472414,956.9680929183958,-64.8469649,99.0,0.0,86.1025390625,128.874267578125,-963.338012695312,69.9746370315552,30.3530663251877,-3.2609999678021877,-0.47292464600921,1.76522205018501,-1.501199956568088,0.0,0.0,0.0,6.0,0.0,0.0,0.0,26051008.0,0.0,-72.52945914351226,216.3450603374275,16.711410999298103,27.07920249938966
2026-05-10 18:04:05+00:00,SUI,SUI,17.980000340967997,13.49000012495316,0.0,9.259999768186086,4.6200000602613205,-0.05999999953521799,-0.4603753206676485,-4.1851358750057255,3.987273277534046,3.490322331213578,-0.0394001004734339,4.34389768853583,5.253111980280418,-15.547647717140299,-18.0299997162587,-14.3047921740642,69.95703735351566,62.05733734130856,1.0,110.999999673762,0.0,8640.8359375,8640.8359375,292.728411372947,61.8805000305176,291.87899265530984,-0.3296000044904302,32.2660971,-1.5829416114980481,6.957898475229745,1907.0237159729,765.9082293510436,836.512565612793,918.4134721755981,-64.8471327,99.0,0.0,86.1025390625,128.874267578125,-964.240051269531,69.9823796749115,30.3940504789352,-3.349799982909122,0.499040461270136,1.45237409315416,-2.115999925978966,0.0,0.0,0.0,6.0,0.0,0.0,0.0,26051008.0,0.0,-69.84876562259532,216.5142441231685,16.58469829559325,30.51983894348144
2026-05-10 18:04:06+00:00,SUI,SUI,17.90999978122132,13.409999997506839,0.0,8.800000017209339,3.82000004511407,-1.5500000253457291,-0.459790699163378,-4.1683931603593205,3.9879947162651264,3.3936617929003363,0.319421773983153,4.33061416588326,5.27567175359951,-16.755380890711663,-19.45999988127222,-14.4010918649459,70.21834030151365,61.65143783569334,1.0,110.999999673762,0.0,8640.8359375,8640.8359375,291.125147408691,61.5723266601562,289.842782124097,0.9570000027252885,32.2661564,-1.997242594450648,7.026689965277913,1907.1316480636583,824.5706915855408,915.5183792114256,930.2371025085449,-64.8473012,99.0,0.0,86.1025390625,128.874267578125,-965.338012695312,69.9359178543091,30.3374528884888,-3.073399985690548,0.469612164344313,1.05449700442411,-2.18699993450032,0.0,0.0,0.0,6.0,0.0,0.0,0.0,26051008.0,0.0,-67.45947665846562,216.695237305985,16.5066670417786,35.975885009765626
2026-05-10 18:04:07+00:00,SUI,SUI,17.829999824529683,11.849999988246818,0.0,5.690000078653136,-0.9999999922536327,-8.070000070888954,-0.460228925167743,-4.131969469062935,3.9872731921566804,3.256454178088768,0.8673705785375321,4.30187759636563,5.2835537919017055,-16.8614294813504,-25.899999810041276,-14.31942500058735,70.3692066192627,61.3475354003906,1.0,110.999999673762,0.0,8640.8359375,8640.8359375,288.691469045146,61.3512474060058,287.5470025478181,1.411200005290026,32.266211,-2.1355040220737878,6.987380608916287,1907.1316480636601,913.0287885665894,1042.5292253494258,995.6947445869446,-64.847471,99.0,0.0,86.1025390625,128.874267578125,-966.338012695312,70.001745223999,30.4077118635178,-2.889799975800282,-0.306524962767568,0.364665320571288,-2.64499984877677,0.0,0.0,0.0,6.0,0.0,0.0,0.0,26051008.0,0.0,-65.6290487986426,216.869400299631,16.6029836654663,36.744688339233406
2026-05-10 18:04:08+00:00,SUI,SUI,17.859999381402222,12.110000018249298,0.0,6.080000123656819,-0.06999999945775431,-6.860000042909457,-0.46066760473935797,-4.12477322444209,3.9876339968995866,3.136624442827734,1.19309424256665,4.31353468022209,5.300677076150928,-17.1818640496575,-24.719999936575856,-14.45866865210175,70.92581863403319,61.41757049560546,1.0,110.999999673762,0.0,8640.8359375,8640.8359375,285.779950647266,61.4891189575195,284.45479012940825,1.5894000035894602,32.2662592,-2.4402785460952963,6.918588932603602,1907.0335149765021,975.0071048736578,1095.752382278442,1086.631226539612,-64.847643,99.0,0.0,86.1025390625,128.874267578125,-967.338012695312,70.0036764144898,30.4233282804489,-3.0033999808967122,0.133703020736049,0.091037617095543,-3.153599853481426,0.0,0.0,0.0,6.0,0.0,0.0,0.0,26051008.0,0.0,-64.34426699312,216.99321796890501,16.740083599090603,33.0289370727539
2026-05-10 18:04:09+00:00,SUI,SUI,17.91999986118514,11.970000094038962,0.0,6.060000134483917,-0.09999999922536333,-6.890000112046176,-0.46110532381562,-4.10773659821796,3.9872731921566804,3.0964394944214746,1.42740436229162,4.315432277528248,5.300133478470358,-17.1391391673423,-24.78999981330366,-14.319316998221101,71.266381072998,61.48279907226562,1.0,110.999999673762,0.0,8640.8359375,8640.8359375,281.975999732432,61.4067352294922,281.08119030964724,1.736200021448758,32.2662997,-2.524061018860576,6.908761523664002,1906.0914993286158,1056.37514591217,1183.535242080686,1138.38691711426,-64.8478181,99.0,0.0,86.1025390625,128.874267578125,-968.338012695312,70.0036764144898,30.4291814565659,-2.95379995822904,0.287594373111363,-0.36312068396266,-4.036799875668138,0.0,0.0,0.0,6.0,0.0,0.0,0.0,26051008.0,0.0,-63.14892651477876,217.0487952181815,16.76148204803465,32.35550743103026
2026-05-10 18:04:10+00:00,SUI,SUI,17.929999941148957,11.99999999242098,0.0,6.080000123656819,-0.06999999945775434,-6.88000003208236,-0.461251719315526,-4.093931078358075,3.9876339968995866,2.96393800801409,1.807239506329075,4.3157032652835685,5.301492088473642,-16.800775693973378,-24.799999893267483,-14.3138255261284,71.44947509765625,61.03414352416992,1.0,110.999999673762,0.0,8640.8359375,8640.8359375,276.607225157992,60.7038093566894,276.1651971715144,1.4507999906825622,32.2663296,-2.610503252666022,6.928416248410942,1905.856013298034,1090.297818183896,1214.4162416458119,1162.58375644684,-64.8479956,99.0,0.0,86.1025390625,128.874267578125,-969.338012695312,69.9765741825104,30.4233282804489,-2.755799988577678,-0.27883166729306,-0.67234914766151,-5.44759973859451,0.0,0.0,0.0,6.0,0.0,0.0,0.0,26051008.0,0.0,-61.047418009062724,217.061192011525,17.050214767456048,33.15830863952637
2026-05-10 18:04:11+00:00,SUI,SUI,17.9900004209318,13.319999790096698,0.0,8.550000067170698,3.4699999998005318,-1.899999990617988,4.204616001405425,-4.099952743885085,3.7279570348448723,3.2079424606879763,1.2172622799753645,4.304588242315111,5.296871977764317,-15.74944497314942,-19.899999984585516,-13.6219145566014,71.721565246582,60.1871923828125,1.0,110.999999673762,0.0,8640.8359375,8640.8359375,270.301130063373,59.6415481567383,270.3713990495538,1.463400003498284,32.2663454,-2.613502516796622,24.077443778514862,1905.944323539732,1122.134375572206,1210.5520963668819,1190.37563800812,-64.8481736,99.0,0.0,86.1025390625,128.874267578125,-970.338012695312,69.9978709220886,30.4408937692642,-2.6597998868684942,1.65681104652275,0.283819439614888,-5.8390000577554115,0.0,0.0,0.0,6.0,0.0,0.0,0.0,26051008.0,0.0,-56.47583101265739,217.070166880094,17.208452224731452,35.05180641174314
2026-05-10 18:04:12+00:00,SUI,SUI,17.95000010107658,13.23000009495072,0.0,8.55999997637978,3.6899999660798217,-1.4700000152932655,5.4565915972594645,-4.11875155891508,-0.9451467323570902,2.68336890601482,1.86975670804988,4.36070618644168,5.249578638045406,-15.763559559069282,-19.420000244435858,-14.0633671850191,70.3629512786865,58.335990600585944,1.0,110.999999673762,0.0,8640.8359375,8640.8359375,266.417812350384,57.2815818786621,265.0401959797002,1.4177999957406693,32.2663458,-2.8985755736006444,1368.2768344879157,1905.8854341506958,1417.4947977066058,1462.472701072692,1405.617451667786,-64.8483489,99.0,0.0,86.1025390625,128.874267578125,-971.338012695312,70.0114250183106,30.4291814565659,-1.7209999477150781,-1.72222120688302,-1.13562129563046,-5.56799983733992,0.0,0.0,0.0,6.0,0.0,0.0,0.0,26051008.0,0.0,-53.28458494939552,216.975903439359,17.32009048461915,39.26289756774904
2026-05-10 18:04:13+00:00,SUI,SUI,17.9900004209318,15.61999991101826,0.0,13.2999999716785,10.959999872411137,8.130000038407662,5.0379991851070045,-4.12447931286437,1.5066367924834996,2.5457992911772456,0.8642196468547609,5.046318270138716,4.532026284600544,-15.92682840098926,-9.849999961050894,-11.8532742101802,70.2274452209473,55.8228598022461,1.0,110.999999673762,0.0,8640.8359375,8640.8359375,252.405296777509,54.6753227233887,255.26899838704722,0.7883999953868683,32.2663317,-3.5757082335752015,1898.029613494872,1905.826568603516,1475.653624534608,1519.412899017336,1502.86350250244,-64.8485163,99.0,0.0,86.1025390625,128.874267578125,-972.338012695312,69.8352456092834,30.4447948932648,-2.406799968335996,3.43180891167904,-1.94971036886552,-14.10479962478858,0.0,0.0,0.0,6.0,0.0,0.0,0.0,26051008.0,0.0,-41.99822873466686,216.82990814585,17.42425718307495,39.8437550354004
2026-05-10 18:04:14+00:00,SUI,SUI,17.83000016603914,15.38000004094344,0.0,12.710000034945798,9.980000061429475,6.740000065183362,4.782315108952394,-4.13108816121659,0.019625462019664718,0.4551049119163135,-3.48839089245452,4.934896284302556,4.657054690282284,-16.9583225449162,-11.109999876585263,-10.261098631155464,66.85248985290525,51.926219329833984,1.0,110.999999673762,0.0,8640.8359375,8640.8359375,237.346204978492,50.1636016845703,240.41079064774698,-0.11179998611390811,32.2662878,-2.4783129667527004,1896.624302864074,1905.9247016906738,1574.465656280518,1523.9755153656,1555.0589561462398,-64.8486666,99.0,0.0,86.1025390625,128.874267578125,-973.338012695312,69.5777595043182,30.333548784256,-0.3955999890381305,1.47033151425577,-0.323634613318876,-12.868999667125092,0.0,0.0,0.0,6.0,0.0,0.0,0.0,26051008.0,0.0,-35.87593676268824,216.68844126776048,17.49823808670045,46.029854965209964
2026-05-10 18:04:15+00:00,SUI,SUI,17.82000008607532,14.5200003357539,0.0,11.060000159785101,7.289999895504228,2.9699999396406938,4.79400455083005,-4.13652221703157,-0.5347128797825873,-0.7182179553794772,-6.8438653431652305,4.806665544428456,4.8043703447352355,-17.61063566348478,-14.829999741047072,-7.5470802757685895,62.75357666015625,46.97724243164062,1.0,110.999999673762,0.0,8640.8359375,8640.8359375,227.379797847284,44.8268142700195,229.8355896312866,-1.089399986118301,32.2662198,-1.441896988509837,1894.550681114198,1905.4242849349998,1682.4232339858997,1442.7295207977281,1492.004084587098,-64.8487888,99.0,0.0,86.1025390625,128.874267578125,-974.338012695312,69.4538533687592,30.3140312433243,0.9718000194726717,1.23368915173351,-1.44880809407717,-8.697399732950448,0.0,0.0,0.0,6.0,0.0,0.0,0.0,26051008.0,0.0,-25.38365799935584,216.55137986168648,17.549232673645,42.88279106140134
2026-05-10 18:04:16+00:00,SUI,SUI,13.710000005855104,11.240000062341231,0.0,9.230000040558826,7.180000040430619,4.720000006125829,4.8210335303664955,-4.14136930346475,-1.249185164757314,-1.248584684407565,-9.321988174526915,4.792297216980962,4.794041732672344,-15.25200861382242,-8.980000090520196,-5.391771394488755,58.27649002075195,41.929584960937476,1.0,110.999999673762,0.0,8640.8359375,8640.8359375,223.067216405338,40.2405853271484,224.3557916979258,-1.6249999740719416,32.2661444,-0.060820338605069614,1895.0617074966437,1905.198574066162,1743.252277374268,1413.6535882949843,1488.5816812515259,-64.8488853,99.0,0.0,86.1025390625,128.874267578125,-975.338012695312,69.4151341915131,30.2769482135773,1.459800002885842,-0.536999344304187,0.37358978981513,-2.318199917689184,0.0,0.0,0.0,6.0,0.0,0.0,0.0,26051008.0,0.0,-19.04617613644352,216.28884788055848,17.57873611450195,40.76771003723146
2026-05-10 18:04:16.500000+00:00,SUI,SUI,7.6833333004958435,5.500000010755837,0.0,3.7666666197017364,2.0333332820084844,-0.36666663714590636,4.8352048922338,-4.14753803150233,-1.24798299454515,-1.4662823504428097,-9.51216881555039,5.00357446250771,4.978503826272353,-12.614781107663832,-8.0833333685451,-4.44226709749073,55.5546306610107,38.8422912597656,1.0,110.999999673762,0.0,8640.8359375,8640.8359375,223.067216405338,40.2405853271484,224.40598812417366,-1.2450000161468502,32.2660855,0.9528847959634064,1894.9929475784331,1905.29012680054,1642.7763700485232,1314.2557938893633,1363.0916674931834,-64.8489512,99.0,0.0,86.1025390625,128.874267578125,-975.338012695312,69.4151341915131,30.2769482135773,0.9966666464952546,-0.536999344304187,0.37358978981513,2.794666667785453,0.0,0.0,0.0,6.0,0.0,0.0,0.0,26051008.0,0.0,-16.725950516269933,216.058376807395,17.5908931732178,38.699002075195295
